eventID,locus,primerSet,library,replicateFilter,replicatePCR,oligoFwd,oligoRev
MBA-2017.06.28-L4-01,12S,tele02,lib1,A,pcr1,ACAAGACTAAACTCGTGCCAGCCACC,ACAAGACTGGGTATCTAATCCCAGTTTG
MBA-2017.06.28-L4-01,12S,tele02,lib1,B,pcr1,GCACTGGAAAACTCGTGCCAGCCACC,GCACTGGAGGGTATCTAATCCCAGTTTG
MBA-2017.06.28-L4-01,12S,tele02,lib1,C,pcr1,TTACCTGTAAACTCGTGCCAGCCACC,TTACCTGTGGGTATCTAATCCCAGTTTG
MBA-2017.06.28-L4-02,12S,tele02,lib1,A,pcr1,GAGCACCTAAACTCGTGCCAGCCACC,GAGCACCTGGGTATCTAATCCCAGTTTG
MBA-2017.06.28-L4-02,12S,tele02,lib1,B,pcr1,ACCACTGCAAACTCGTGCCAGCCACC,ACCACTGCGGGTATCTAATCCCAGTTTG
MBA-2017.06.28-L4-02,12S,tele02,lib1,C,pcr1,ACCGGTTAAAACTCGTGCCAGCCACC,ACCGGTTAGGGTATCTAATCCCAGTTTG
MBA-2017.07.17-L4-01,12S,tele02,lib1,A,pcr1,TCGTGCAGAAACTCGTGCCAGCCACC,TCGTGCAGGGGTATCTAATCCCAGTTTG
MBA-2017.07.17-L4-01,12S,tele02,lib1,B,pcr1,AACTGCATAAACTCGTGCCAGCCACC,AACTGCATGGGTATCTAATCCCAGTTTG
MBA-2017.07.17-L4-01,12S,tele02,lib1,C,pcr1,AACAGCTCAAACTCGTGCCAGCCACC,AACAGCTCGGGTATCTAATCCCAGTTTG
MBA-2017.07.17-L4-01,12S,tele02,lib1,FieldBlank,pcr1,TAGGTGCCAAACTCGTGCCAGCCACC,TAGGTGCCGGGTATCTAATCCCAGTTTG
ExtractionBlank,12S,tele02,lib2,ExtractionBlank,pcr1,AATAACTTAAACTCGTGCCAGCCACC,AATAACTTGGGTATCTAATCCCAGTTTG
PCRBlank,12S,tele02,lib2,PCRBlank,pcr1,AAGCGTCTAAACTCGTGCCAGCCACC,AAGCGTCTGGGTATCTAATCCCAGTTTG
WellBlank,12S,tele02,lib2,WellBlank,pcr0,TAATTAGTAAACTCGTGCCAGCCACC,TAATTAGTGGGTATCTAATCCCAGTTTG
